entidad,org_mate,sexodptt,sexodp1,sexodp2,sexoajtt,sexoaj1,sexoaj2,no_aplic
"01",1,"NA","NA","NA","NA","NA","NA","NA"
"01",2,"NA","NA","NA","NA","NA","NA","NA"
"01",3,"NA","NA","NA","NA","NA","NA","NA"
"01",4,"NA","NA","NA","NA","NA","NA","NA"
"01",5,"NA","NA","NA","NA","NA","NA","NA"
"01",6,"NA","NA","NA","NA","NA","NA","NA"
"01",7,"NA","NA","NA","NA","NA","NA","NA"
"01",8,"NA","NA","NA","NA","NA","NA","NA"
"01",9,"NA","NA","NA","NA","NA","NA","NA"
"01",10,"NA","NA","NA","NA","NA","NA","NA"
"01",11,"NA","NA","NA","NA","NA","NA","NA"
"01",12,"NA","NA","NA","NA","NA","NA","NA"
"01",13,"NA","NA","NA","NA","NA","NA","NA"
"01",14,"NA","NA","NA","NA","NA","NA","NA"
"01",15,"NA","NA","NA","NA","NA","NA","NA"
"01",16,"NA","NA","NA","NA","NA","NA","NA"
"01",17,"NA","NA","NA","NA","NA","NA","NA"
"01",18,"NA","NA","NA","NA","NA","NA","NA"
"01",19,"NA","NA","NA","NA","NA","NA","NA"
"01",20,"NA","NA","NA","NA","NA","NA","NA"
"01",21,"NA","NA","NA","NA","NA","NA","NA"
"01",22,"NA","NA","NA","NA","NA","NA","NA"
"01",23,"NA","NA","NA","NA","NA","NA","NA"
"01",24,"NA","NA","NA","NA","NA","NA","NA"
"01",25,"NA","NA","NA","NA","NA","NA","NA"
"01",26,"NA","NA","NA","NA","NA","NA","NA"
"01",27,"NA","NA","NA","NA","NA","NA","NA"
"01",28,"NA","NA","NA","NA","NA","NA","NA"
"01",99,"","","","","","",""
"02",1,"NA","NA","NA","NA","NA","NA","NA"
"02",2,"NA","NA","NA","NA","NA","NA","NA"
"02",3,"NA","NA","NA","NA","NA","NA","NA"
"02",4,"NA","NA","NA","NA","NA","NA","NA"
"02",5,"NA","NA","NA","NA","NA","NA","NA"
"02",6,"NA","NA","NA","NA","NA","NA","NA"
"02",7,"NA","NA","NA","NA","NA","NA","NA"
"02",8,"NA","NA","NA","NA","NA","NA","NA"
"02",9,"NA","NA","NA","NA","NA","NA","NA"
"02",10,"NA","NA","NA","NA","NA","NA","NA"
"02",11,"NA","NA","NA","NA","NA","NA","NA"
"02",12,"NA","NA","NA","NA","NA","NA","NA"
"02",13,"NA","NA","NA","NA","NA","NA","NA"
"02",14,"NA","NA","NA","NA","NA","NA","NA"
"02",15,"NA","NA","NA","NA","NA","NA","NA"
"02",16,"NA","NA","NA","NA","NA","NA","NA"
"02",17,"NA","NA","NA","NA","NA","NA","NA"
"02",18,"NA","NA","NA","NA","NA","NA","NA"
"02",19,"NA","NA","NA","NA","NA","NA","NA"
"02",20,"NA","NA","NA","NA","NA","NA","NA"
"02",21,"NA","NA","NA","NA","NA","NA","NA"
"02",22,"NA","NA","NA","NA","NA","NA","NA"
"02",23,"NA","NA","NA","NA","NA","NA","NA"
"02",24,"NA","NA","NA","NA","NA","NA","NA"
"02",25,"NA","NA","NA","NA","NA","NA","NA"
"02",26,"NA","NA","NA","NA","NA","NA","NA"
"02",27,"NA","NA","NA","NA","NA","NA","NA"
"02",28,"NA","NA","NA","NA","NA","NA","NA"
"02",99,"","","","","","",""
"03",1,"NA","NA","NA","NA","NA","NA","NA"
"03",2,"NA","NA","NA","NA","NA","NA","NA"
"03",3,"NA","NA","NA","NA","NA","NA","NA"
"03",4,"NA","NA","NA","NA","NA","NA","NA"
"03",5,"NA","NA","NA","NA","NA","NA","NA"
"03",6,"NA","NA","NA","NA","NA","NA","NA"
"03",7,"NA","NA","NA","NA","NA","NA","NA"
"03",8,"NA","NA","NA","NA","NA","NA","NA"
"03",9,"NA","NA","NA","NA","NA","NA","NA"
"03",10,"NA","NA","NA","NA","NA","NA","NA"
"03",11,"NA","NA","NA","NA","NA","NA","NA"
"03",12,"NA","NA","NA","NA","NA","NA","NA"
"03",13,"NA","NA","NA","NA","NA","NA","NA"
"03",14,"NA","NA","NA","NA","NA","NA","NA"
"03",15,"NA","NA","NA","NA","NA","NA","NA"
"03",16,"NA","NA","NA","NA","NA","NA","NA"
"03",17,"NA","NA","NA","NA","NA","NA","NA"
"03",18,"NA","NA","NA","NA","NA","NA","NA"
"03",19,"NA","NA","NA","NA","NA","NA","NA"
"03",20,"NA","NA","NA","NA","NA","NA","NA"
"03",21,"NA","NA","NA","NA","NA","NA","NA"
"03",22,"NA","NA","NA","NA","NA","NA","NA"
"03",23,"NA","NA","NA","NA","NA","NA","NA"
"03",24,"NA","NA","NA","NA","NA","NA","NA"
"03",25,"NA","NA","NA","NA","NA","NA","NA"
"03",26,"NA","NA","NA","NA","NA","NA","NA"
"03",27,"NA","NA","NA","NA","NA","NA","NA"
"03",28,"NA","NA","NA","NA","NA","NA","NA"
"03",99,"","","","","","",""
"04",1,"NA","NA","NA","NA","NA","NA","NA"
"04",2,"NA","NA","NA","NA","NA","NA","NA"
"04",3,"NA","NA","NA","NA","NA","NA","NA"
"04",4,"NA","NA","NA","NA","NA","NA","NA"
"04",5,"NA","NA","NA","NA","NA","NA","NA"
"04",6,"NA","NA","NA","NA","NA","NA","NA"
"04",7,"NA","NA","NA","NA","NA","NA","NA"
"04",8,"NA","NA","NA","NA","NA","NA","NA"
"04",9,"NA","NA","NA","NA","NA","NA","NA"
"04",10,"NA","NA","NA","NA","NA","NA","NA"
"04",11,"NA","NA","NA","NA","NA","NA","NA"
"04",12,"NA","NA","NA","NA","NA","NA","NA"
"04",13,"NA","NA","NA","NA","NA","NA","NA"
"04",14,"NA","NA","NA","NA","NA","NA","NA"
"04",15,"NA","NA","NA","NA","NA","NA","NA"
"04",16,"NA","NA","NA","NA","NA","NA","NA"
"04",17,"NA","NA","NA","NA","NA","NA","NA"
"04",18,"NA","NA","NA","NA","NA","NA","NA"
"04",19,"NA","NA","NA","NA","NA","NA","NA"
"04",20,"NA","NA","NA","NA","NA","NA","NA"
"04",21,"NA","NA","NA","NA","NA","NA","NA"
"04",22,"NA","NA","NA","NA","NA","NA","NA"
"04",23,"NA","NA","NA","NA","NA","NA","NA"
"04",24,"NA","NA","NA","NA","NA","NA","NA"
"04",25,"NA","NA","NA","NA","NA","NA","NA"
"04",26,"NA","NA","NA","NA","NA","NA","NA"
"04",27,"NA","NA","NA","NA","NA","NA","NA"
"04",28,"NA","NA","NA","NA","NA","NA","NA"
"04",99,"","","","","","",""
"05",1,"NA","NA","NA","NA","NA","NA","1"
"05",2,"NA","NA","NA","NA","NA","NA","1"
"05",3,"0","0","0","0","0","0",""
"05",4,"0","0","0","0","0","0",""
"05",5,"27","16","11","0","0","0",""
"05",6,"29","12","17","0","0","0",""
"05",7,"0","0","0","48","16","32",""
"05",8,"0","0","0","0","0","0",""
"05",9,"NA","NA","NA","NA","NA","NA","1"
"05",10,"NA","NA","NA","NA","NA","NA","1"
"05",11,"NA","NA","NA","NA","NA","NA","1"
"05",12,"0","0","0","0","0","0",""
"05",13,"NA","NA","NA","NA","NA","NA","1"
"05",14,"NA","NA","NA","NA","NA","NA","1"
"05",15,"NA","NA","NA","NA","NA","NA","1"
"05",16,"NA","NA","NA","NA","NA","NA","1"
"05",17,"NA","NA","NA","NA","NA","NA","1"
"05",18,"NA","NA","NA","NA","NA","NA","1"
"05",19,"1","1","0","0","0","0",""
"05",20,"NA","NA","NA","NA","NA","NA","1"
"05",21,"NA","NA","NA","NA","NA","NA","1"
"05",22,"NA","NA","NA","NA","NA","NA","1"
"05",23,"0","0","0","0","0","0",""
"05",24,"0","0","0","0","0","0",""
"05",25,"0","0","0","0","0","0",""
"05",26,"NA","NA","NA","NA","NA","NA","1"
"05",27,"NA","NA","NA","NA","NA","NA","1"
"05",28,"NA","NA","NA","NA","NA","NA","1"
"05",99,"","","","","","",""
"06",1,"NA","NA","NA","NA","NA","NA","NA"
"06",2,"NA","NA","NA","NA","NA","NA","NA"
"06",3,"NA","NA","NA","NA","NA","NA","NA"
"06",4,"NA","NA","NA","NA","NA","NA","NA"
"06",5,"NA","NA","NA","NA","NA","NA","NA"
"06",6,"NA","NA","NA","NA","NA","NA","NA"
"06",7,"NA","NA","NA","NA","NA","NA","NA"
"06",8,"NA","NA","NA","NA","NA","NA","NA"
"06",9,"NA","NA","NA","NA","NA","NA","NA"
"06",10,"NA","NA","NA","NA","NA","NA","NA"
"06",11,"NA","NA","NA","NA","NA","NA","NA"
"06",12,"NA","NA","NA","NA","NA","NA","NA"
"06",13,"NA","NA","NA","NA","NA","NA","NA"
"06",14,"NA","NA","NA","NA","NA","NA","NA"
"06",15,"NA","NA","NA","NA","NA","NA","NA"
"06",16,"NA","NA","NA","NA","NA","NA","NA"
"06",17,"NA","NA","NA","NA","NA","NA","NA"
"06",18,"NA","NA","NA","NA","NA","NA","NA"
"06",19,"NA","NA","NA","NA","NA","NA","NA"
"06",20,"NA","NA","NA","NA","NA","NA","NA"
"06",21,"NA","NA","NA","NA","NA","NA","NA"
"06",22,"NA","NA","NA","NA","NA","NA","NA"
"06",23,"NA","NA","NA","NA","NA","NA","NA"
"06",24,"NA","NA","NA","NA","NA","NA","NA"
"06",25,"NA","NA","NA","NA","NA","NA","NA"
"06",26,"NA","NA","NA","NA","NA","NA","NA"
"06",27,"NA","NA","NA","NA","NA","NA","NA"
"06",28,"NA","NA","NA","NA","NA","NA","NA"
"06",99,"","","","","","",""
"07",1,"0","0","0","0","0","0",""
"07",2,"NA","NA","NA","NA","NA","NA","1"
"07",3,"NA","NA","NA","NA","NA","NA","1"
"07",4,"0","0","0","0","0","0",""
"07",5,"48","27","21","0","0","0",""
"07",6,"15","9","6","0","0","0",""
"07",7,"33","13","20","0","0","0",""
"07",8,"0","0","0","0","0","0",""
"07",9,"5","4","1","0","0","0",""
"07",10,"0","0","0","0","0","0",""
"07",11,"NA","NA","NA","NA","NA","NA","1"
"07",12,"7","7","0","0","0","0",""
"07",13,"NA","NA","NA","NA","NA","NA","1"
"07",14,"4","3","1","0","0","0",""
"07",15,"NA","NA","NA","NA","NA","NA","1"
"07",16,"NA","NA","NA","NA","NA","NA","1"
"07",17,"NA","NA","NA","NA","NA","NA","1"
"07",18,"0","0","0","0","0","0",""
"07",19,"2","1","1","0","0","0",""
"07",20,"NA","NA","NA","NA","NA","NA","1"
"07",21,"NA","NA","NA","NA","NA","NA","1"
"07",22,"NA","NA","NA","NA","NA","NA","1"
"07",23,"1","1","0","0","0","0",""
"07",24,"0","0","0","0","0","0",""
"07",25,"NA","NA","NA","NA","NA","NA","1"
"07",26,"NA","NA","NA","NA","NA","NA","1"
"07",27,"NA","NA","NA","NA","NA","NA","1"
"07",28,"2","2","0","0","0","0",""
"07",99,"","","","","","",""
"08",1,"NA","NA","NA","NA","NA","NA","1"
"08",2,"NA","NA","NA","NA","NA","NA","1"
"08",3,"NA","NA","NA","NA","NA","NA","1"
"08",4,"0","0","0","0","0","0",""
"08",5,"NA","NA","NA","NA","NA","NA","1"
"08",6,"NA","NA","NA","NA","NA","NA","1"
"08",7,"0","0","0","0","0","0",""
"08",8,"NA","NA","NA","NA","NA","NA","1"
"08",9,"14","3","11","0","0","0",""
"08",10,"NA","NA","NA","NA","NA","NA","1"
"08",11,"NA","NA","NA","NA","NA","NA","1"
"08",12,"56","19","37","1","1","0",""
"08",13,"0","0","0","0","0","0",""
"08",14,"6","4","2","0","0","0",""
"08",15,"0","0","0","0","0","0",""
"08",16,"NA","NA","NA","NA","NA","NA","1"
"08",17,"NA","NA","NA","NA","NA","NA","1"
"08",18,"0","0","0","0","0","0",""
"08",19,"0","0","0","0","0","0",""
"08",20,"NA","NA","NA","NA","NA","NA","1"
"08",21,"NA","NA","NA","NA","NA","NA","1"
"08",22,"0","0","0","0","0","0",""
"08",23,"104","62","42","0","0","0",""
"08",24,"0","0","0","0","0","0",""
"08",25,"NA","NA","NA","NA","NA","NA","1"
"08",26,"10","1","9","0","0","0",""
"08",27,"NA","NA","NA","NA","NA","NA","1"
"08",28,"0","0","0","0","0","0",""
"08",99,"","","","","","",""
"09",1,"NA","NA","NA","NA","NA","NA","NA"
"09",2,"NA","NA","NA","NA","NA","NA","NA"
"09",3,"NA","NA","NA","NA","NA","NA","NA"
"09",4,"NA","NA","NA","NA","NA","NA","NA"
"09",5,"NA","NA","NA","NA","NA","NA","NA"
"09",6,"NA","NA","NA","NA","NA","NA","NA"
"09",7,"NA","NA","NA","NA","NA","NA","NA"
"09",8,"NA","NA","NA","NA","NA","NA","NA"
"09",9,"NA","NA","NA","NA","NA","NA","NA"
"09",10,"NA","NA","NA","NA","NA","NA","NA"
"09",11,"NA","NA","NA","NA","NA","NA","NA"
"09",12,"NA","NA","NA","NA","NA","NA","NA"
"09",13,"NA","NA","NA","NA","NA","NA","NA"
"09",14,"NA","NA","NA","NA","NA","NA","NA"
"09",15,"NA","NA","NA","NA","NA","NA","NA"
"09",16,"NA","NA","NA","NA","NA","NA","NA"
"09",17,"NA","NA","NA","NA","NA","NA","NA"
"09",18,"NA","NA","NA","NA","NA","NA","NA"
"09",19,"NA","NA","NA","NA","NA","NA","NA"
"09",20,"NA","NA","NA","NA","NA","NA","NA"
"09",21,"NA","NA","NA","NA","NA","NA","NA"
"09",22,"NA","NA","NA","NA","NA","NA","NA"
"09",23,"NA","NA","NA","NA","NA","NA","NA"
"09",24,"NA","NA","NA","NA","NA","NA","NA"
"09",25,"NA","NA","NA","NA","NA","NA","NA"
"09",26,"NA","NA","NA","NA","NA","NA","NA"
"09",27,"NA","NA","NA","NA","NA","NA","NA"
"09",28,"NA","NA","NA","NA","NA","NA","NA"
"09",99,"","","","","","",""
"10",1,"NA","NA","NA","NA","NA","NA","1"
"10",2,"NA","NA","NA","NA","NA","NA","1"
"10",3,"2","1","1","0","0","0",""
"10",4,"0","0","0","1","0","1",""
"10",5,"7","4","3","1","1","0",""
"10",6,"9","4","5","0","0","0",""
"10",7,"5","4","1","0","0","0",""
"10",8,"13","11","2","2","2","0",""
"10",9,"NA","NA","NA","NA","NA","NA","1"
"10",10,"NA","NA","NA","NA","NA","NA","1"
"10",11,"NA","NA","NA","NA","NA","NA","1"
"10",12,"5","4","1","0","0","0",""
"10",13,"NA","NA","NA","NA","NA","NA","1"
"10",14,"NA","NA","NA","NA","NA","NA","1"
"10",15,"NA","NA","NA","NA","NA","NA","1"
"10",16,"5","3","2","0","0","0",""
"10",17,"0","0","0","3","1","2",""
"10",18,"1","0","1","0","0","0",""
"10",19,"0","0","0","1","1","0",""
"10",20,"NA","NA","NA","NA","NA","NA","1"
"10",21,"6","5","1","0","0","0",""
"10",22,"NA","NA","NA","NA","NA","NA","1"
"10",23,"NA","NA","NA","NA","NA","NA","1"
"10",24,"11","7","4","0","0","0",""
"10",25,"NA","NA","NA","NA","NA","NA","1"
"10",26,"NA","NA","NA","NA","NA","NA","1"
"10",27,"NA","NA","NA","NA","NA","NA","1"
"10",28,"NA","NA","NA","NA","NA","NA","1"
"10",99,"","","","","","",""
"11",1,"NA","NA","NA","NA","NA","NA","NA"
"11",2,"NA","NA","NA","NA","NA","NA","NA"
"11",3,"NA","NA","NA","NA","NA","NA","NA"
"11",4,"NA","NA","NA","NA","NA","NA","NA"
"11",5,"NA","NA","NA","NA","NA","NA","NA"
"11",6,"NA","NA","NA","NA","NA","NA","NA"
"11",7,"NA","NA","NA","NA","NA","NA","NA"
"11",8,"NA","NA","NA","NA","NA","NA","NA"
"11",9,"NA","NA","NA","NA","NA","NA","NA"
"11",10,"NA","NA","NA","NA","NA","NA","NA"
"11",11,"NA","NA","NA","NA","NA","NA","NA"
"11",12,"NA","NA","NA","NA","NA","NA","NA"
"11",13,"NA","NA","NA","NA","NA","NA","NA"
"11",14,"NA","NA","NA","NA","NA","NA","NA"
"11",15,"NA","NA","NA","NA","NA","NA","NA"
"11",16,"NA","NA","NA","NA","NA","NA","NA"
"11",17,"NA","NA","NA","NA","NA","NA","NA"
"11",18,"NA","NA","NA","NA","NA","NA","NA"
"11",19,"NA","NA","NA","NA","NA","NA","NA"
"11",20,"NA","NA","NA","NA","NA","NA","NA"
"11",21,"NA","NA","NA","NA","NA","NA","NA"
"11",22,"NA","NA","NA","NA","NA","NA","NA"
"11",23,"NA","NA","NA","NA","NA","NA","NA"
"11",24,"NA","NA","NA","NA","NA","NA","NA"
"11",25,"NA","NA","NA","NA","NA","NA","NA"
"11",26,"NA","NA","NA","NA","NA","NA","NA"
"11",27,"NA","NA","NA","NA","NA","NA","NA"
"11",28,"NA","NA","NA","NA","NA","NA","NA"
"11",99,"","","","","","",""
"12",1,"0","0","0","0","0","0",""
"12",2,"0","0","0","0","0","0",""
"12",3,"0","0","0","0","0","0",""
"12",4,"10","6","4","0","0","0",""
"12",5,"30","17","13","0","0","0",""
"12",6,"NA","NA","NA","NA","NA","NA","1"
"12",7,"12","8","4","0","0","0",""
"12",8,"NA","NA","NA","NA","NA","NA","1"
"12",9,"4","1","3","0","0","0",""
"12",10,"NA","NA","NA","NA","NA","NA","1"
"12",11,"NA","NA","NA","NA","NA","NA","1"
"12",12,"0","0","0","0","0","0",""
"12",13,"42","20","22","0","0","0",""
"12",14,"NA","NA","NA","NA","NA","NA","1"
"12",15,"NA","NA","NA","NA","NA","NA","1"
"12",16,"0","0","0","0","0","0",""
"12",17,"NA","NA","NA","NA","NA","NA","1"
"12",18,"0","0","0","0","0","0",""
"12",19,"NA","NA","NA","NA","NA","NA","1"
"12",20,"0","0","0","0","0","0",""
"12",21,"0","0","0","0","0","0",""
"12",22,"0","0","0","0","0","0",""
"12",23,"0","0","0","0","0","0",""
"12",24,"NA","NA","NA","NA","NA","NA","1"
"12",25,"0","0","0","0","0","0",""
"12",26,"NA","NA","NA","NA","NA","NA","1"
"12",27,"NA","NA","NA","NA","NA","NA","1"
"12",28,"NA","NA","NA","NA","NA","NA","1"
"12",99,"","","","","","",""
"13",1,"NA","NA","NA","NA","NA","NA","NA"
"13",2,"NA","NA","NA","NA","NA","NA","NA"
"13",3,"NA","NA","NA","NA","NA","NA","NA"
"13",4,"NA","NA","NA","NA","NA","NA","NA"
"13",5,"NA","NA","NA","NA","NA","NA","NA"
"13",6,"NA","NA","NA","NA","NA","NA","NA"
"13",7,"NA","NA","NA","NA","NA","NA","NA"
"13",8,"NA","NA","NA","NA","NA","NA","NA"
"13",9,"NA","NA","NA","NA","NA","NA","NA"
"13",10,"NA","NA","NA","NA","NA","NA","NA"
"13",11,"NA","NA","NA","NA","NA","NA","NA"
"13",12,"NA","NA","NA","NA","NA","NA","NA"
"13",13,"NA","NA","NA","NA","NA","NA","NA"
"13",14,"NA","NA","NA","NA","NA","NA","NA"
"13",15,"NA","NA","NA","NA","NA","NA","NA"
"13",16,"NA","NA","NA","NA","NA","NA","NA"
"13",17,"NA","NA","NA","NA","NA","NA","NA"
"13",18,"NA","NA","NA","NA","NA","NA","NA"
"13",19,"NA","NA","NA","NA","NA","NA","NA"
"13",20,"NA","NA","NA","NA","NA","NA","NA"
"13",21,"NA","NA","NA","NA","NA","NA","NA"
"13",22,"NA","NA","NA","NA","NA","NA","NA"
"13",23,"NA","NA","NA","NA","NA","NA","NA"
"13",24,"NA","NA","NA","NA","NA","NA","NA"
"13",25,"NA","NA","NA","NA","NA","NA","NA"
"13",26,"NA","NA","NA","NA","NA","NA","NA"
"13",27,"NA","NA","NA","NA","NA","NA","NA"
"13",28,"NA","NA","NA","NA","NA","NA","NA"
"13",99,"","","","","","",""
"14",1,"NA","NA","NA","NA","NA","NA","NA"
"14",2,"NA","NA","NA","NA","NA","NA","NA"
"14",3,"NA","NA","NA","NA","NA","NA","NA"
"14",4,"NA","NA","NA","NA","NA","NA","NA"
"14",5,"NA","NA","NA","NA","NA","NA","NA"
"14",6,"NA","NA","NA","NA","NA","NA","NA"
"14",7,"NA","NA","NA","NA","NA","NA","NA"
"14",8,"NA","NA","NA","NA","NA","NA","NA"
"14",9,"NA","NA","NA","NA","NA","NA","NA"
"14",10,"NA","NA","NA","NA","NA","NA","NA"
"14",11,"NA","NA","NA","NA","NA","NA","NA"
"14",12,"NA","NA","NA","NA","NA","NA","NA"
"14",13,"NA","NA","NA","NA","NA","NA","NA"
"14",14,"NA","NA","NA","NA","NA","NA","NA"
"14",15,"NA","NA","NA","NA","NA","NA","NA"
"14",16,"NA","NA","NA","NA","NA","NA","NA"
"14",17,"NA","NA","NA","NA","NA","NA","NA"
"14",18,"NA","NA","NA","NA","NA","NA","NA"
"14",19,"NA","NA","NA","NA","NA","NA","NA"
"14",20,"NA","NA","NA","NA","NA","NA","NA"
"14",21,"NA","NA","NA","NA","NA","NA","NA"
"14",22,"NA","NA","NA","NA","NA","NA","NA"
"14",23,"NA","NA","NA","NA","NA","NA","NA"
"14",24,"NA","NA","NA","NA","NA","NA","NA"
"14",25,"NA","NA","NA","NA","NA","NA","NA"
"14",26,"NA","NA","NA","NA","NA","NA","NA"
"14",27,"NA","NA","NA","NA","NA","NA","NA"
"14",28,"NA","NA","NA","NA","NA","NA","NA"
"14",99,"","","","","","",""
"15",1,"NA","NA","NA","NA","NA","NA","NA"
"15",2,"NA","NA","NA","NA","NA","NA","NA"
"15",3,"NA","NA","NA","NA","NA","NA","NA"
"15",4,"NA","NA","NA","NA","NA","NA","NA"
"15",5,"NA","NA","NA","NA","NA","NA","NA"
"15",6,"NA","NA","NA","NA","NA","NA","NA"
"15",7,"NA","NA","NA","NA","NA","NA","NA"
"15",8,"NA","NA","NA","NA","NA","NA","NA"
"15",9,"NA","NA","NA","NA","NA","NA","NA"
"15",10,"NA","NA","NA","NA","NA","NA","NA"
"15",11,"NA","NA","NA","NA","NA","NA","NA"
"15",12,"NA","NA","NA","NA","NA","NA","NA"
"15",13,"NA","NA","NA","NA","NA","NA","NA"
"15",14,"NA","NA","NA","NA","NA","NA","NA"
"15",15,"NA","NA","NA","NA","NA","NA","NA"
"15",16,"NA","NA","NA","NA","NA","NA","NA"
"15",17,"NA","NA","NA","NA","NA","NA","NA"
"15",18,"NA","NA","NA","NA","NA","NA","NA"
"15",19,"NA","NA","NA","NA","NA","NA","NA"
"15",20,"NA","NA","NA","NA","NA","NA","NA"
"15",21,"NA","NA","NA","NA","NA","NA","NA"
"15",22,"NA","NA","NA","NA","NA","NA","NA"
"15",23,"NA","NA","NA","NA","NA","NA","NA"
"15",24,"NA","NA","NA","NA","NA","NA","NA"
"15",25,"NA","NA","NA","NA","NA","NA","NA"
"15",26,"NA","NA","NA","NA","NA","NA","NA"
"15",27,"NA","NA","NA","NA","NA","NA","NA"
"15",28,"NA","NA","NA","NA","NA","NA","NA"
"15",99,"","","","","","",""
"16",1,"NA","NA","NA","NA","NA","NA","NA"
"16",2,"NA","NA","NA","NA","NA","NA","NA"
"16",3,"NA","NA","NA","NA","NA","NA","NA"
"16",4,"NA","NA","NA","NA","NA","NA","NA"
"16",5,"NA","NA","NA","NA","NA","NA","NA"
"16",6,"NA","NA","NA","NA","NA","NA","NA"
"16",7,"NA","NA","NA","NA","NA","NA","NA"
"16",8,"NA","NA","NA","NA","NA","NA","NA"
"16",9,"NA","NA","NA","NA","NA","NA","NA"
"16",10,"NA","NA","NA","NA","NA","NA","NA"
"16",11,"NA","NA","NA","NA","NA","NA","NA"
"16",12,"NA","NA","NA","NA","NA","NA","NA"
"16",13,"NA","NA","NA","NA","NA","NA","NA"
"16",14,"NA","NA","NA","NA","NA","NA","NA"
"16",15,"NA","NA","NA","NA","NA","NA","NA"
"16",16,"NA","NA","NA","NA","NA","NA","NA"
"16",17,"NA","NA","NA","NA","NA","NA","NA"
"16",18,"NA","NA","NA","NA","NA","NA","NA"
"16",19,"NA","NA","NA","NA","NA","NA","NA"
"16",20,"NA","NA","NA","NA","NA","NA","NA"
"16",21,"NA","NA","NA","NA","NA","NA","NA"
"16",22,"NA","NA","NA","NA","NA","NA","NA"
"16",23,"NA","NA","NA","NA","NA","NA","NA"
"16",24,"NA","NA","NA","NA","NA","NA","NA"
"16",25,"NA","NA","NA","NA","NA","NA","NA"
"16",26,"NA","NA","NA","NA","NA","NA","NA"
"16",27,"NA","NA","NA","NA","NA","NA","NA"
"16",28,"NA","NA","NA","NA","NA","NA","NA"
"16",99,"","","","","","",""
"17",1,"NA","NA","NA","NA","NA","NA","NA"
"17",2,"NA","NA","NA","NA","NA","NA","NA"
"17",3,"NA","NA","NA","NA","NA","NA","NA"
"17",4,"NA","NA","NA","NA","NA","NA","NA"
"17",5,"NA","NA","NA","NA","NA","NA","NA"
"17",6,"NA","NA","NA","NA","NA","NA","NA"
"17",7,"NA","NA","NA","NA","NA","NA","NA"
"17",8,"NA","NA","NA","NA","NA","NA","NA"
"17",9,"NA","NA","NA","NA","NA","NA","NA"
"17",10,"NA","NA","NA","NA","NA","NA","NA"
"17",11,"NA","NA","NA","NA","NA","NA","NA"
"17",12,"NA","NA","NA","NA","NA","NA","NA"
"17",13,"NA","NA","NA","NA","NA","NA","NA"
"17",14,"NA","NA","NA","NA","NA","NA","NA"
"17",15,"NA","NA","NA","NA","NA","NA","NA"
"17",16,"NA","NA","NA","NA","NA","NA","NA"
"17",17,"NA","NA","NA","NA","NA","NA","NA"
"17",18,"NA","NA","NA","NA","NA","NA","NA"
"17",19,"NA","NA","NA","NA","NA","NA","NA"
"17",20,"NA","NA","NA","NA","NA","NA","NA"
"17",21,"NA","NA","NA","NA","NA","NA","NA"
"17",22,"NA","NA","NA","NA","NA","NA","NA"
"17",23,"NA","NA","NA","NA","NA","NA","NA"
"17",24,"NA","NA","NA","NA","NA","NA","NA"
"17",25,"NA","NA","NA","NA","NA","NA","NA"
"17",26,"NA","NA","NA","NA","NA","NA","NA"
"17",27,"NA","NA","NA","NA","NA","NA","NA"
"17",28,"NA","NA","NA","NA","NA","NA","NA"
"17",99,"","","","","","",""
"18",1,"NA","NA","NA","NA","NA","NA","NA"
"18",2,"NA","NA","NA","NA","NA","NA","NA"
"18",3,"NA","NA","NA","NA","NA","NA","NA"
"18",4,"NA","NA","NA","NA","NA","NA","NA"
"18",5,"NA","NA","NA","NA","NA","NA","NA"
"18",6,"NA","NA","NA","NA","NA","NA","NA"
"18",7,"NA","NA","NA","NA","NA","NA","NA"
"18",8,"NA","NA","NA","NA","NA","NA","NA"
"18",9,"NA","NA","NA","NA","NA","NA","NA"
"18",10,"NA","NA","NA","NA","NA","NA","NA"
"18",11,"NA","NA","NA","NA","NA","NA","NA"
"18",12,"NA","NA","NA","NA","NA","NA","NA"
"18",13,"NA","NA","NA","NA","NA","NA","NA"
"18",14,"NA","NA","NA","NA","NA","NA","NA"
"18",15,"NA","NA","NA","NA","NA","NA","NA"
"18",16,"NA","NA","NA","NA","NA","NA","NA"
"18",17,"NA","NA","NA","NA","NA","NA","NA"
"18",18,"NA","NA","NA","NA","NA","NA","NA"
"18",19,"NA","NA","NA","NA","NA","NA","NA"
"18",20,"NA","NA","NA","NA","NA","NA","NA"
"18",21,"NA","NA","NA","NA","NA","NA","NA"
"18",22,"NA","NA","NA","NA","NA","NA","NA"
"18",23,"NA","NA","NA","NA","NA","NA","NA"
"18",24,"NA","NA","NA","NA","NA","NA","NA"
"18",25,"NA","NA","NA","NA","NA","NA","NA"
"18",26,"NA","NA","NA","NA","NA","NA","NA"
"18",27,"NA","NA","NA","NA","NA","NA","NA"
"18",28,"NA","NA","NA","NA","NA","NA","NA"
"18",99,"","","","","","",""
"19",1,"NA","NA","NA","NA","NA","NA","NA"
"19",2,"NA","NA","NA","NA","NA","NA","NA"
"19",3,"NA","NA","NA","NA","NA","NA","NA"
"19",4,"NA","NA","NA","NA","NA","NA","NA"
"19",5,"NA","NA","NA","NA","NA","NA","NA"
"19",6,"NA","NA","NA","NA","NA","NA","NA"
"19",7,"NA","NA","NA","NA","NA","NA","NA"
"19",8,"NA","NA","NA","NA","NA","NA","NA"
"19",9,"NA","NA","NA","NA","NA","NA","NA"
"19",10,"NA","NA","NA","NA","NA","NA","NA"
"19",11,"NA","NA","NA","NA","NA","NA","NA"
"19",12,"NA","NA","NA","NA","NA","NA","NA"
"19",13,"NA","NA","NA","NA","NA","NA","NA"
"19",14,"NA","NA","NA","NA","NA","NA","NA"
"19",15,"NA","NA","NA","NA","NA","NA","NA"
"19",16,"NA","NA","NA","NA","NA","NA","NA"
"19",17,"NA","NA","NA","NA","NA","NA","NA"
"19",18,"NA","NA","NA","NA","NA","NA","NA"
"19",19,"NA","NA","NA","NA","NA","NA","NA"
"19",20,"NA","NA","NA","NA","NA","NA","NA"
"19",21,"NA","NA","NA","NA","NA","NA","NA"
"19",22,"NA","NA","NA","NA","NA","NA","NA"
"19",23,"NA","NA","NA","NA","NA","NA","NA"
"19",24,"NA","NA","NA","NA","NA","NA","NA"
"19",25,"NA","NA","NA","NA","NA","NA","NA"
"19",26,"NA","NA","NA","NA","NA","NA","NA"
"19",27,"NA","NA","NA","NA","NA","NA","NA"
"19",28,"NA","NA","NA","NA","NA","NA","NA"
"19",99,"","","","","","",""
"20",1,"NA","NA","NA","NA","NA","NA","NA"
"20",2,"NA","NA","NA","NA","NA","NA","NA"
"20",3,"NA","NA","NA","NA","NA","NA","NA"
"20",4,"NA","NA","NA","NA","NA","NA","NA"
"20",5,"NA","NA","NA","NA","NA","NA","NA"
"20",6,"NA","NA","NA","NA","NA","NA","NA"
"20",7,"NA","NA","NA","NA","NA","NA","NA"
"20",8,"NA","NA","NA","NA","NA","NA","NA"
"20",9,"NA","NA","NA","NA","NA","NA","NA"
"20",10,"NA","NA","NA","NA","NA","NA","NA"
"20",11,"NA","NA","NA","NA","NA","NA","NA"
"20",12,"NA","NA","NA","NA","NA","NA","NA"
"20",13,"NA","NA","NA","NA","NA","NA","NA"
"20",14,"NA","NA","NA","NA","NA","NA","NA"
"20",15,"NA","NA","NA","NA","NA","NA","NA"
"20",16,"NA","NA","NA","NA","NA","NA","NA"
"20",17,"NA","NA","NA","NA","NA","NA","NA"
"20",18,"NA","NA","NA","NA","NA","NA","NA"
"20",19,"NA","NA","NA","NA","NA","NA","NA"
"20",20,"NA","NA","NA","NA","NA","NA","NA"
"20",21,"NA","NA","NA","NA","NA","NA","NA"
"20",22,"NA","NA","NA","NA","NA","NA","NA"
"20",23,"NA","NA","NA","NA","NA","NA","NA"
"20",24,"NA","NA","NA","NA","NA","NA","NA"
"20",25,"NA","NA","NA","NA","NA","NA","NA"
"20",26,"NA","NA","NA","NA","NA","NA","NA"
"20",27,"NA","NA","NA","NA","NA","NA","NA"
"20",28,"NA","NA","NA","NA","NA","NA","NA"
"20",99,"","","","","","",""
"21",1,"NA","NA","NA","NA","NA","NA","NA"
"21",2,"NA","NA","NA","NA","NA","NA","NA"
"21",3,"NA","NA","NA","NA","NA","NA","NA"
"21",4,"NA","NA","NA","NA","NA","NA","NA"
"21",5,"NA","NA","NA","NA","NA","NA","NA"
"21",6,"NA","NA","NA","NA","NA","NA","NA"
"21",7,"NA","NA","NA","NA","NA","NA","NA"
"21",8,"NA","NA","NA","NA","NA","NA","NA"
"21",9,"NA","NA","NA","NA","NA","NA","NA"
"21",10,"NA","NA","NA","NA","NA","NA","NA"
"21",11,"NA","NA","NA","NA","NA","NA","NA"
"21",12,"NA","NA","NA","NA","NA","NA","NA"
"21",13,"NA","NA","NA","NA","NA","NA","NA"
"21",14,"NA","NA","NA","NA","NA","NA","NA"
"21",15,"NA","NA","NA","NA","NA","NA","NA"
"21",16,"NA","NA","NA","NA","NA","NA","NA"
"21",17,"NA","NA","NA","NA","NA","NA","NA"
"21",18,"NA","NA","NA","NA","NA","NA","NA"
"21",19,"NA","NA","NA","NA","NA","NA","NA"
"21",20,"NA","NA","NA","NA","NA","NA","NA"
"21",21,"NA","NA","NA","NA","NA","NA","NA"
"21",22,"NA","NA","NA","NA","NA","NA","NA"
"21",23,"NA","NA","NA","NA","NA","NA","NA"
"21",24,"NA","NA","NA","NA","NA","NA","NA"
"21",25,"NA","NA","NA","NA","NA","NA","NA"
"21",26,"NA","NA","NA","NA","NA","NA","NA"
"21",27,"NA","NA","NA","NA","NA","NA","NA"
"21",28,"NA","NA","NA","NA","NA","NA","NA"
"21",99,"","","","","","",""
"22",1,"NA","NA","NA","NA","NA","NA","NA"
"22",2,"NA","NA","NA","NA","NA","NA","NA"
"22",3,"NA","NA","NA","NA","NA","NA","NA"
"22",4,"NA","NA","NA","NA","NA","NA","NA"
"22",5,"NA","NA","NA","NA","NA","NA","NA"
"22",6,"NA","NA","NA","NA","NA","NA","NA"
"22",7,"NA","NA","NA","NA","NA","NA","NA"
"22",8,"NA","NA","NA","NA","NA","NA","NA"
"22",9,"NA","NA","NA","NA","NA","NA","NA"
"22",10,"NA","NA","NA","NA","NA","NA","NA"
"22",11,"NA","NA","NA","NA","NA","NA","NA"
"22",12,"NA","NA","NA","NA","NA","NA","NA"
"22",13,"NA","NA","NA","NA","NA","NA","NA"
"22",14,"NA","NA","NA","NA","NA","NA","NA"
"22",15,"NA","NA","NA","NA","NA","NA","NA"
"22",16,"NA","NA","NA","NA","NA","NA","NA"
"22",17,"NA","NA","NA","NA","NA","NA","NA"
"22",18,"NA","NA","NA","NA","NA","NA","NA"
"22",19,"NA","NA","NA","NA","NA","NA","NA"
"22",20,"NA","NA","NA","NA","NA","NA","NA"
"22",21,"NA","NA","NA","NA","NA","NA","NA"
"22",22,"NA","NA","NA","NA","NA","NA","NA"
"22",23,"NA","NA","NA","NA","NA","NA","NA"
"22",24,"NA","NA","NA","NA","NA","NA","NA"
"22",25,"NA","NA","NA","NA","NA","NA","NA"
"22",26,"NA","NA","NA","NA","NA","NA","NA"
"22",27,"NA","NA","NA","NA","NA","NA","NA"
"22",28,"NA","NA","NA","NA","NA","NA","NA"
"22",99,"","","","","","",""
"23",1,"NA","NA","NA","NA","NA","NA","1"
"23",2,"NA","NA","NA","NA","NA","NA","1"
"23",3,"NA","NA","NA","NA","NA","NA","1"
"23",4,"NSS","NSS","NSS","NSS","NSS","NSS",""
"23",5,"NSS","NSS","NSS","NSS","NSS","NSS",""
"23",6,"NSS","NSS","NSS","NSS","NSS","NSS",""
"23",7,"NSS","NSS","NSS","NSS","NSS","NSS",""
"23",8,"NSS","NSS","NSS","NSS","NSS","NSS",""
"23",9,"NSS","NSS","NSS","NSS","NSS","NSS",""
"23",10,"NSS","NSS","NSS","NSS","NSS","NSS",""
"23",11,"NA","NA","NA","NA","NA","NA","1"
"23",12,"NSS","NSS","NSS","NSS","NSS","NSS",""
"23",13,"NA","NA","NA","NA","NA","NA","1"
"23",14,"NSS","NSS","NSS","NSS","NSS","NSS",""
"23",15,"NA","NA","NA","NA","NA","NA","1"
"23",16,"NA","NA","NA","NA","NA","NA","1"
"23",17,"NSS","NSS","NSS","NSS","NSS","NSS",""
"23",18,"NSS","NSS","NSS","NSS","NSS","NSS",""
"23",19,"NA","NA","NA","NA","NA","NA","1"
"23",20,"NSS","NSS","NSS","NSS","NSS","NSS",""
"23",21,"NSS","NSS","NSS","NSS","NSS","NSS",""
"23",22,"NSS","NSS","NSS","NSS","NSS","NSS",""
"23",23,"NA","NA","NA","NA","NA","NA","1"
"23",24,"NSS","NSS","NSS","NSS","NSS","NSS",""
"23",25,"NSS","NSS","NSS","NSS","NSS","NSS",""
"23",26,"NA","NA","NA","NA","NA","NA","1"
"23",27,"NA","NA","NA","NA","NA","NA","1"
"23",28,"NSS","NSS","NSS","NSS","NSS","NSS",""
"23",99,"42","22","20","10","2","8",""
"24",1,"NA","NA","NA","NA","NA","NA","NA"
"24",2,"NA","NA","NA","NA","NA","NA","NA"
"24",3,"NA","NA","NA","NA","NA","NA","NA"
"24",4,"NA","NA","NA","NA","NA","NA","NA"
"24",5,"NA","NA","NA","NA","NA","NA","NA"
"24",6,"NA","NA","NA","NA","NA","NA","NA"
"24",7,"NA","NA","NA","NA","NA","NA","NA"
"24",8,"NA","NA","NA","NA","NA","NA","NA"
"24",9,"NA","NA","NA","NA","NA","NA","NA"
"24",10,"NA","NA","NA","NA","NA","NA","NA"
"24",11,"NA","NA","NA","NA","NA","NA","NA"
"24",12,"NA","NA","NA","NA","NA","NA","NA"
"24",13,"NA","NA","NA","NA","NA","NA","NA"
"24",14,"NA","NA","NA","NA","NA","NA","NA"
"24",15,"NA","NA","NA","NA","NA","NA","NA"
"24",16,"NA","NA","NA","NA","NA","NA","NA"
"24",17,"NA","NA","NA","NA","NA","NA","NA"
"24",18,"NA","NA","NA","NA","NA","NA","NA"
"24",19,"NA","NA","NA","NA","NA","NA","NA"
"24",20,"NA","NA","NA","NA","NA","NA","NA"
"24",21,"NA","NA","NA","NA","NA","NA","NA"
"24",22,"NA","NA","NA","NA","NA","NA","NA"
"24",23,"NA","NA","NA","NA","NA","NA","NA"
"24",24,"NA","NA","NA","NA","NA","NA","NA"
"24",25,"NA","NA","NA","NA","NA","NA","NA"
"24",26,"NA","NA","NA","NA","NA","NA","NA"
"24",27,"NA","NA","NA","NA","NA","NA","NA"
"24",28,"NA","NA","NA","NA","NA","NA","NA"
"24",99,"","","","","","",""
"25",1,"NA","NA","NA","NA","NA","NA","NA"
"25",2,"NA","NA","NA","NA","NA","NA","NA"
"25",3,"NA","NA","NA","NA","NA","NA","NA"
"25",4,"NA","NA","NA","NA","NA","NA","NA"
"25",5,"NA","NA","NA","NA","NA","NA","NA"
"25",6,"NA","NA","NA","NA","NA","NA","NA"
"25",7,"NA","NA","NA","NA","NA","NA","NA"
"25",8,"NA","NA","NA","NA","NA","NA","NA"
"25",9,"NA","NA","NA","NA","NA","NA","NA"
"25",10,"NA","NA","NA","NA","NA","NA","NA"
"25",11,"NA","NA","NA","NA","NA","NA","NA"
"25",12,"NA","NA","NA","NA","NA","NA","NA"
"25",13,"NA","NA","NA","NA","NA","NA","NA"
"25",14,"NA","NA","NA","NA","NA","NA","NA"
"25",15,"NA","NA","NA","NA","NA","NA","NA"
"25",16,"NA","NA","NA","NA","NA","NA","NA"
"25",17,"NA","NA","NA","NA","NA","NA","NA"
"25",18,"NA","NA","NA","NA","NA","NA","NA"
"25",19,"NA","NA","NA","NA","NA","NA","NA"
"25",20,"NA","NA","NA","NA","NA","NA","NA"
"25",21,"NA","NA","NA","NA","NA","NA","NA"
"25",22,"NA","NA","NA","NA","NA","NA","NA"
"25",23,"NA","NA","NA","NA","NA","NA","NA"
"25",24,"NA","NA","NA","NA","NA","NA","NA"
"25",25,"NA","NA","NA","NA","NA","NA","NA"
"25",26,"NA","NA","NA","NA","NA","NA","NA"
"25",27,"NA","NA","NA","NA","NA","NA","NA"
"25",28,"NA","NA","NA","NA","NA","NA","NA"
"25",99,"","","","","","",""
"26",1,"NA","NA","NA","NA","NA","NA","NA"
"26",2,"NA","NA","NA","NA","NA","NA","NA"
"26",3,"NA","NA","NA","NA","NA","NA","NA"
"26",4,"NA","NA","NA","NA","NA","NA","NA"
"26",5,"NA","NA","NA","NA","NA","NA","NA"
"26",6,"NA","NA","NA","NA","NA","NA","NA"
"26",7,"NA","NA","NA","NA","NA","NA","NA"
"26",8,"NA","NA","NA","NA","NA","NA","NA"
"26",9,"NA","NA","NA","NA","NA","NA","NA"
"26",10,"NA","NA","NA","NA","NA","NA","NA"
"26",11,"NA","NA","NA","NA","NA","NA","NA"
"26",12,"NA","NA","NA","NA","NA","NA","NA"
"26",13,"NA","NA","NA","NA","NA","NA","NA"
"26",14,"NA","NA","NA","NA","NA","NA","NA"
"26",15,"NA","NA","NA","NA","NA","NA","NA"
"26",16,"NA","NA","NA","NA","NA","NA","NA"
"26",17,"NA","NA","NA","NA","NA","NA","NA"
"26",18,"NA","NA","NA","NA","NA","NA","NA"
"26",19,"NA","NA","NA","NA","NA","NA","NA"
"26",20,"NA","NA","NA","NA","NA","NA","NA"
"26",21,"NA","NA","NA","NA","NA","NA","NA"
"26",22,"NA","NA","NA","NA","NA","NA","NA"
"26",23,"NA","NA","NA","NA","NA","NA","NA"
"26",24,"NA","NA","NA","NA","NA","NA","NA"
"26",25,"NA","NA","NA","NA","NA","NA","NA"
"26",26,"NA","NA","NA","NA","NA","NA","NA"
"26",27,"NA","NA","NA","NA","NA","NA","NA"
"26",28,"NA","NA","NA","NA","NA","NA","NA"
"26",99,"","","","","","",""
"27",1,"NA","NA","NA","NA","NA","NA","NA"
"27",2,"NA","NA","NA","NA","NA","NA","NA"
"27",3,"NA","NA","NA","NA","NA","NA","NA"
"27",4,"NA","NA","NA","NA","NA","NA","NA"
"27",5,"NA","NA","NA","NA","NA","NA","NA"
"27",6,"NA","NA","NA","NA","NA","NA","NA"
"27",7,"NA","NA","NA","NA","NA","NA","NA"
"27",8,"NA","NA","NA","NA","NA","NA","NA"
"27",9,"NA","NA","NA","NA","NA","NA","NA"
"27",10,"NA","NA","NA","NA","NA","NA","NA"
"27",11,"NA","NA","NA","NA","NA","NA","NA"
"27",12,"NA","NA","NA","NA","NA","NA","NA"
"27",13,"NA","NA","NA","NA","NA","NA","NA"
"27",14,"NA","NA","NA","NA","NA","NA","NA"
"27",15,"NA","NA","NA","NA","NA","NA","NA"
"27",16,"NA","NA","NA","NA","NA","NA","NA"
"27",17,"NA","NA","NA","NA","NA","NA","NA"
"27",18,"NA","NA","NA","NA","NA","NA","NA"
"27",19,"NA","NA","NA","NA","NA","NA","NA"
"27",20,"NA","NA","NA","NA","NA","NA","NA"
"27",21,"NA","NA","NA","NA","NA","NA","NA"
"27",22,"NA","NA","NA","NA","NA","NA","NA"
"27",23,"NA","NA","NA","NA","NA","NA","NA"
"27",24,"NA","NA","NA","NA","NA","NA","NA"
"27",25,"NA","NA","NA","NA","NA","NA","NA"
"27",26,"NA","NA","NA","NA","NA","NA","NA"
"27",27,"NA","NA","NA","NA","NA","NA","NA"
"27",28,"NA","NA","NA","NA","NA","NA","NA"
"27",99,"","","","","","",""
"28",1,"NA","NA","NA","NA","NA","NA","NA"
"28",2,"NA","NA","NA","NA","NA","NA","NA"
"28",3,"NA","NA","NA","NA","NA","NA","NA"
"28",4,"NA","NA","NA","NA","NA","NA","NA"
"28",5,"NA","NA","NA","NA","NA","NA","NA"
"28",6,"NA","NA","NA","NA","NA","NA","NA"
"28",7,"NA","NA","NA","NA","NA","NA","NA"
"28",8,"NA","NA","NA","NA","NA","NA","NA"
"28",9,"NA","NA","NA","NA","NA","NA","NA"
"28",10,"NA","NA","NA","NA","NA","NA","NA"
"28",11,"NA","NA","NA","NA","NA","NA","NA"
"28",12,"NA","NA","NA","NA","NA","NA","NA"
"28",13,"NA","NA","NA","NA","NA","NA","NA"
"28",14,"NA","NA","NA","NA","NA","NA","NA"
"28",15,"NA","NA","NA","NA","NA","NA","NA"
"28",16,"NA","NA","NA","NA","NA","NA","NA"
"28",17,"NA","NA","NA","NA","NA","NA","NA"
"28",18,"NA","NA","NA","NA","NA","NA","NA"
"28",19,"NA","NA","NA","NA","NA","NA","NA"
"28",20,"NA","NA","NA","NA","NA","NA","NA"
"28",21,"NA","NA","NA","NA","NA","NA","NA"
"28",22,"NA","NA","NA","NA","NA","NA","NA"
"28",23,"NA","NA","NA","NA","NA","NA","NA"
"28",24,"NA","NA","NA","NA","NA","NA","NA"
"28",25,"NA","NA","NA","NA","NA","NA","NA"
"28",26,"NA","NA","NA","NA","NA","NA","NA"
"28",27,"NA","NA","NA","NA","NA","NA","NA"
"28",28,"NA","NA","NA","NA","NA","NA","NA"
"28",99,"","","","","","",""
"29",1,"NA","NA","NA","NA","NA","NA","NA"
"29",2,"NA","NA","NA","NA","NA","NA","NA"
"29",3,"NA","NA","NA","NA","NA","NA","NA"
"29",4,"NA","NA","NA","NA","NA","NA","NA"
"29",5,"NA","NA","NA","NA","NA","NA","NA"
"29",6,"NA","NA","NA","NA","NA","NA","NA"
"29",7,"NA","NA","NA","NA","NA","NA","NA"
"29",8,"NA","NA","NA","NA","NA","NA","NA"
"29",9,"NA","NA","NA","NA","NA","NA","NA"
"29",10,"NA","NA","NA","NA","NA","NA","NA"
"29",11,"NA","NA","NA","NA","NA","NA","NA"
"29",12,"NA","NA","NA","NA","NA","NA","NA"
"29",13,"NA","NA","NA","NA","NA","NA","NA"
"29",14,"NA","NA","NA","NA","NA","NA","NA"
"29",15,"NA","NA","NA","NA","NA","NA","NA"
"29",16,"NA","NA","NA","NA","NA","NA","NA"
"29",17,"NA","NA","NA","NA","NA","NA","NA"
"29",18,"NA","NA","NA","NA","NA","NA","NA"
"29",19,"NA","NA","NA","NA","NA","NA","NA"
"29",20,"NA","NA","NA","NA","NA","NA","NA"
"29",21,"NA","NA","NA","NA","NA","NA","NA"
"29",22,"NA","NA","NA","NA","NA","NA","NA"
"29",23,"NA","NA","NA","NA","NA","NA","NA"
"29",24,"NA","NA","NA","NA","NA","NA","NA"
"29",25,"NA","NA","NA","NA","NA","NA","NA"
"29",26,"NA","NA","NA","NA","NA","NA","NA"
"29",27,"NA","NA","NA","NA","NA","NA","NA"
"29",28,"NA","NA","NA","NA","NA","NA","NA"
"29",99,"","","","","","",""
"30",1,"0","0","0","0","0","0",""
"30",2,"5","3","2","0","0","0",""
"30",3,"0","0","0","0","0","0",""
"30",4,"0","0","0","0","0","0",""
"30",5,"21","7","14","0","0","0",""
"30",6,"NA","NA","NA","NA","NA","NA","1"
"30",7,"0","0","0","0","0","0",""
"30",8,"NA","NA","NA","NA","NA","NA","1"
"30",9,"3","1","2","0","0","0",""
"30",10,"NA","NA","NA","NA","NA","NA","1"
"30",11,"NA","NA","NA","NA","NA","NA","1"
"30",12,"14","10","4","0","0","0",""
"30",13,"0","0","0","0","0","0",""
"30",14,"NA","NA","NA","NA","NA","NA","1"
"30",15,"NA","NA","NA","NA","NA","NA","1"
"30",16,"NA","NA","NA","NA","NA","NA","1"
"30",17,"NA","NA","NA","NA","NA","NA","1"
"30",18,"0","0","0","0","0","0",""
"30",19,"4","3","1","0","0","0",""
"30",20,"NA","NA","NA","NA","NA","NA","1"
"30",21,"NA","NA","NA","NA","NA","NA","1"
"30",22,"0","0","0","0","0","0",""
"30",23,"1","1","0","0","0","0",""
"30",24,"NA","NA","NA","NA","NA","NA","1"
"30",25,"0","0","0","0","0","0",""
"30",26,"NA","NA","NA","NA","NA","NA","1"
"30",27,"NA","NA","NA","NA","NA","NA","1"
"30",28,"0","0","0","0","0","0",""
"30",99,"","","","","","",""
"31",1,"NA","NA","NA","NA","NA","NA","NA"
"31",2,"NA","NA","NA","NA","NA","NA","NA"
"31",3,"NA","NA","NA","NA","NA","NA","NA"
"31",4,"NA","NA","NA","NA","NA","NA","NA"
"31",5,"NA","NA","NA","NA","NA","NA","NA"
"31",6,"NA","NA","NA","NA","NA","NA","NA"
"31",7,"NA","NA","NA","NA","NA","NA","NA"
"31",8,"NA","NA","NA","NA","NA","NA","NA"
"31",9,"NA","NA","NA","NA","NA","NA","NA"
"31",10,"NA","NA","NA","NA","NA","NA","NA"
"31",11,"NA","NA","NA","NA","NA","NA","NA"
"31",12,"NA","NA","NA","NA","NA","NA","NA"
"31",13,"NA","NA","NA","NA","NA","NA","NA"
"31",14,"NA","NA","NA","NA","NA","NA","NA"
"31",15,"NA","NA","NA","NA","NA","NA","NA"
"31",16,"NA","NA","NA","NA","NA","NA","NA"
"31",17,"NA","NA","NA","NA","NA","NA","NA"
"31",18,"NA","NA","NA","NA","NA","NA","NA"
"31",19,"NA","NA","NA","NA","NA","NA","NA"
"31",20,"NA","NA","NA","NA","NA","NA","NA"
"31",21,"NA","NA","NA","NA","NA","NA","NA"
"31",22,"NA","NA","NA","NA","NA","NA","NA"
"31",23,"NA","NA","NA","NA","NA","NA","NA"
"31",24,"NA","NA","NA","NA","NA","NA","NA"
"31",25,"NA","NA","NA","NA","NA","NA","NA"
"31",26,"NA","NA","NA","NA","NA","NA","NA"
"31",27,"NA","NA","NA","NA","NA","NA","NA"
"31",28,"NA","NA","NA","NA","NA","NA","NA"
"31",99,"","","","","","",""
"32",1,"NA","NA","NA","NA","NA","NA","NA"
"32",2,"NA","NA","NA","NA","NA","NA","NA"
"32",3,"NA","NA","NA","NA","NA","NA","NA"
"32",4,"NA","NA","NA","NA","NA","NA","NA"
"32",5,"NA","NA","NA","NA","NA","NA","NA"
"32",6,"NA","NA","NA","NA","NA","NA","NA"
"32",7,"NA","NA","NA","NA","NA","NA","NA"
"32",8,"NA","NA","NA","NA","NA","NA","NA"
"32",9,"NA","NA","NA","NA","NA","NA","NA"
"32",10,"NA","NA","NA","NA","NA","NA","NA"
"32",11,"NA","NA","NA","NA","NA","NA","NA"
"32",12,"NA","NA","NA","NA","NA","NA","NA"
"32",13,"NA","NA","NA","NA","NA","NA","NA"
"32",14,"NA","NA","NA","NA","NA","NA","NA"
"32",15,"NA","NA","NA","NA","NA","NA","NA"
"32",16,"NA","NA","NA","NA","NA","NA","NA"
"32",17,"NA","NA","NA","NA","NA","NA","NA"
"32",18,"NA","NA","NA","NA","NA","NA","NA"
"32",19,"NA","NA","NA","NA","NA","NA","NA"
"32",20,"NA","NA","NA","NA","NA","NA","NA"
"32",21,"NA","NA","NA","NA","NA","NA","NA"
"32",22,"NA","NA","NA","NA","NA","NA","NA"
"32",23,"NA","NA","NA","NA","NA","NA","NA"
"32",24,"NA","NA","NA","NA","NA","NA","NA"
"32",25,"NA","NA","NA","NA","NA","NA","NA"
"32",26,"NA","NA","NA","NA","NA","NA","NA"
"32",27,"NA","NA","NA","NA","NA","NA","NA"
"32",28,"NA","NA","NA","NA","NA","NA","NA"
"32",99,"","","","","","",""